,Name,User Rating,Reviews,Price,Year,Genre_n
0,10-Day Green Smoothie Cleanse,0.35999008045920833,0.46045266403352053,-0.47080975406275044,2016,0
1,11/22/63: A Novel,-0.08097772411220924,-0.8447859304360607,0.8216091786585253,2011,1
2,12 Rules for Life: An Antidote to Chaos,0.35999008045920833,0.5994403532994996,0.17539971229788745,2018,0
3,1984 (Signet Classics),0.35999008045920833,0.8080498684961349,-0.6554410301657898,2017,1
4,"5,000 Awesome Facts (About Everything!) (National Geographic Kids)",0.8009578850306219,-0.36587991456746616,-0.10154720185667164,2019,0
5,A Dance with Dragons (A Song of Ice and Fire),-0.9629133332550365,0.05884735195558102,-0.19386283990819134,2011,1
6,A Game of Thrones / A Clash of Kings / A Storm of Swords / A Feast of Crows / A Dance with Dragons,0.35999008045920833,0.6639429273234899,1.5601342830706828,2014,1
7,A Gentleman in Moscow: A Novel,0.35999008045920833,0.6608713761794903,0.17539971229788745,2017,1
8,"A Higher Loyalty: Truth, Lies, and Leadership",0.35999008045920833,-0.5093896096843334,-0.9323879443203489,2018,0
9,A Man Called Ove: A Novel,-0.08097772411220924,1.014867645525437,-0.47080975406275044,2016,1
10,A Man Called Ove: A Novel,-0.08097772411220924,1.014867645525437,-0.47080975406275044,2017,1
11,A Patriot's History of the United States: From Columbus's Great Discovery to the War on Terror,-0.08097772411220924,-0.9806167476929292,-1.0247035823718686,2010,0
12,A Stolen Life: A Memoir,-0.08097772411220924,-0.6658680762980876,1.7447655591737221,2011,0
13,A Wrinkle in Time (Time Quintet),-0.5219455286836229,-0.580205927726545,-0.7477566682173095,2018,1
14,"Act Like a Lady, Think Like a Man: What Men Really Think About Love, Relationships, Intimacy, and Commitment",-0.08097772411220924,-0.5921508488420987,0.36003098840092684,2009,0
15,"Adult Coloring Book Designs: Stress Relief Coloring Book: Garden Designs, Mandalas, Animals, and Paisley Patterns",-0.5219455286836229,-0.822517184642064,-0.8400723062688292,2016,0
16,Adult Coloring Book: Stress Relieving Animal Designs,-0.08097772411220924,-0.7703008151940719,-0.6554410301657898,2015,0
17,Adult Coloring Book: Stress Relieving Patterns,-0.9629133332550365,-0.7680824727011833,-0.6554410301657898,2015,0
18,"Adult Coloring Books: A Coloring Book for Adults Featuring Mandalas and Henna Inspired Flowers, Animals, and Paisley…",-0.5219455286836229,-0.8128759268845099,-0.47080975406275044,2015,0
19,Alexander Hamilton,0.8009578850306219,-0.2350830283521525,-0.009231563805151936,2016,0
20,All the Light We Cannot See,-0.08097772411220924,2.0813784594141653,0.08308407424636775,2014,1
21,All the Light We Cannot See,-0.08097772411220924,2.0813784594141653,0.08308407424636775,2015,1
22,Allegiant,-3.1677523561121146,-0.4814896867930043,-0.009231563805151936,2013,1
23,American Sniper: The Autobiography of the Most Lethal Sniper in U.S. Military History,-0.08097772411220924,0.3385291477897611,-0.37849411601123073,2015,0
24,And the Mountains Echoed,-1.403881137826454,0.017552053241809463,-0.009231563805151936,2013,1
25,Arguing with Idiots: How to Stop Small Minds and Big Government,-0.08097772411220924,-0.9517782952853779,-0.7477566682173095,2009,0
26,Astrophysics for People in a Hurry,0.35999008045920833,-0.2200665560925992,-0.37849411601123073,2017,0
27,"Autobiography of Mark Twain, Vol. 1",-1.8448489423978678,-0.9779718008744851,0.08308407424636775,2010,0
28,Baby Touch and Feel: Animals,-0.08097772411220924,-0.5625445086485477,-0.7477566682173095,2015,0
29,Balance (Angie's Extreme Stress Menders),-0.08097772411220924,-0.8569868141469478,-0.19386283990819134,2015,0
30,Barefoot Contessa Foolproof: Recipes You Can Trust: A Cookbook,0.8009578850306219,-0.9092885044600509,1.0062404547615647,2012,0
31,"Barefoot Contessa, How Easy Is That?: Fabulous Recipes & Easy Tips",0.35999008045920833,-0.9673920136007089,0.7292935406070057,2010,0
32,Becoming,0.8009578850306219,4.196056101192736,-0.19386283990819134,2018,0
33,Becoming,0.8009578850306219,4.196056101192736,-0.19386283990819134,2019,0
34,Being Mortal: Medicine and What Matters in the End,0.8009578850306219,-0.07169357166439932,0.17539971229788745,2015,0
35,Between the World and Me,0.35999008045920833,-0.16068323397527481,-0.009231563805151936,2015,0
36,Between the World and Me,0.35999008045920833,-0.16068323397527481,-0.009231563805151936,2016,0
37,Born to Run,0.35999008045920833,-0.7017028396447489,0.45234662645244655,2016,0
38,"Breaking Dawn (The Twilight Saga, Book 4)",-0.08097772411220924,-0.18636481437371538,-0.009231563805151936,2009,1
39,"Broke: The Plan to Restore Our Trust, Truth and Treasure",-0.5219455286836229,-0.9796782181767071,-0.47080975406275044,2010,0
40,"Brown Bear, Brown Bear, What Do You See?",1.2419256896020394,0.20397814350955917,-0.7477566682173095,2017,1
41,"Brown Bear, Brown Bear, What Do You See?",1.2419256896020394,0.20397814350955917,-0.7477566682173095,2019,1
42,"Cabin Fever (Diary of a Wimpy Kid, Book 6)",0.8009578850306219,-0.6354938483185366,-1.209334858474908,2011,1
43,Calm the F*ck Down: An Irreverent Adult Coloring Book (Irreverent Book Series),-0.08097772411220924,-0.13517229530705643,-0.8400723062688292,2016,0
44,Can't Hurt Me: Master Your Mind and Defy the Odds,0.8009578850306219,0.3660877872206459,0.45234662645244655,2019,0
45,Capital in the Twenty First Century,-0.5219455286836229,-0.7737989706636269,1.3755030069676435,2014,0
46,Catching Fire (The Hunger Games),0.35999008045920833,0.9095816979783418,-0.19386283990819134,2010,1
47,Catching Fire (The Hunger Games),0.35999008045920833,0.9095816979783418,-0.19386283990819134,2011,1
48,Catching Fire (The Hunger Games),0.35999008045920833,0.9095816979783418,-0.19386283990819134,2012,1
49,Cravings: Recipes for All the Food You Want to Eat: A Cookbook,0.35999008045920833,-0.6136517068500955,0.26771535034940713,2016,0
50,Crazy Love: Overwhelmed by a Relentless God,0.35999008045920833,-0.8882995716427208,0.08308407424636775,2009,0
51,Crazy Love: Overwhelmed by a Relentless God,0.35999008045920833,-0.8882995716427208,0.08308407424636775,2010,0
52,Crazy Love: Overwhelmed by a Relentless God,0.35999008045920833,-0.8882995716427208,0.08308407424636775,2011,0
53,Crazy Rich Asians (Crazy Rich Asians Trilogy),-1.403881137826454,-0.4957382712665577,-0.47080975406275044,2018,1
54,Creative Haven Creative Cats Coloring Book (Adult Coloring),0.8009578850306219,-0.6767038261671972,-0.8400723062688292,2015,0
55,Creative Haven Owls Coloring Book (Adult Coloring),0.8009578850306219,-0.6895872767989729,-0.7477566682173095,2015,0
56,Cutting for Stone,-0.08097772411220924,-0.6046930160134302,-0.19386283990819134,2010,1
57,Cutting for Stone,-0.08097772411220924,-0.6046930160134302,-0.19386283990819134,2011,1
58,"Daring Greatly: How the Courage to Be Vulnerable Transforms the Way We Live, Love, Parent, and Lead",0.8009578850306219,-0.9064729159113847,-0.286178477959711,2013,0
59,"David and Goliath: Underdogs, Misfits, and the Art of Battling Giants",-0.9629133332550365,-0.6238048897983162,-0.009231563805151936,2013,0
60,Dead And Gone: A Sookie Stackhouse Novel (Sookie Stackhouse/True Blood),-0.08097772411220924,-0.8883848925078319,-0.8400723062688292,2009,1
61,"Dead in the Family (Sookie Stackhouse/True Blood, Book 10)",-1.403881137826454,-0.8557070011702813,-0.47080975406275044,2010,1
62,"Dead Reckoning (Sookie Stackhouse/True Blood, Book 11)",-1.8448489423978678,-0.8412024541013946,-0.8400723062688292,2011,1
63,Dear Zoo: A Lift-the-Flap Book,0.8009578850306219,-0.08798985690061908,-0.7477566682173095,2015,1
64,Dear Zoo: A Lift-the-Flap Book,0.8009578850306219,-0.08798985690061908,-0.7477566682173095,2016,1
65,Dear Zoo: A Lift-the-Flap Book,0.8009578850306219,-0.08798985690061908,-0.7477566682173095,2017,1
66,Dear Zoo: A Lift-the-Flap Book,0.8009578850306219,-0.08798985690061908,-0.7477566682173095,2018,1
67,Decision Points,-0.08097772411220924,-0.8375336569016173,0.36003098840092684,2010,0
68,"Delivering Happiness: A Path to Profits, Passion, and Purpose",-0.08097772411220924,-0.8789995973456111,0.17539971229788745,2010,0
69,"Diagnostic and Statistical Manual of Mental Disorders, 5th Edition: DSM-5",-0.5219455286836229,-0.450006287567009,8.483807136934661,2013,0
70,"Diagnostic and Statistical Manual of Mental Disorders, 5th Edition: DSM-5",-0.5219455286836229,-0.450006287567009,8.483807136934661,2014,0
71,"Diary of a Wimpy Kid: Hard Luck, Book 8",0.8009578850306219,-0.4386586125072329,-1.209334858474908,2013,1
72,Diary of a Wimpy Kid: The Last Straw (Book 3),0.8009578850306219,-0.6924881862127503,0.17539971229788745,2009,1
73,Diary of a Wimpy Kid: The Long Haul,0.8009578850306219,-0.4618658878174517,0.8216091786585253,2014,1
74,Difficult Riddles For Smart Kids: 300 Difficult Riddles And Brain Teasers Families Will Love (Books for Smart Kids),-0.08097772411220924,-0.34113686368524765,-0.7477566682173095,2019,0
75,Divergent,-0.08097772411220924,1.2921604571365064,0.17539971229788745,2013,1
76,Divergent,-0.08097772411220924,1.2921604571365064,0.17539971229788745,2014,1
77,Divergent / Insurgent,-0.5219455286836229,0.4889498329806274,-0.6554410301657898,2014,1
78,"Divine Soul Mind Body Healing and Transmission System: The Divine Way to Heal You, Humanity, Mother Earth, and All…",-0.08097772411220924,-1.0167074736349238,-0.6554410301657898,2009,0
79,Doctor Sleep: A Novel,0.35999008045920833,0.33204476204131766,-0.009231563805151936,2013,1
80,"Dog Days (Diary of a Wimpy Kid, Book 4) (Volume 4)",0.8009578850306219,-0.7484586737256308,-0.10154720185667164,2009,1
81,Dog Man and Cat Kid: From the Creator of Captain Underpants (Dog Man #4),1.2419256896020394,-0.5879701264516549,-0.6554410301657898,2018,1
82,Dog Man: A Tale of Two Kitties: From the Creator of Captain Underpants (Dog Man #3),1.2419256896020394,-0.611518685222318,-0.47080975406275044,2017,1
83,Dog Man: Brawl of the Wild: From the Creator of Captain Underpants (Dog Man #6),1.2419256896020394,-0.4025678865652384,-0.8400723062688292,2018,1
84,Dog Man: Brawl of the Wild: From the Creator of Captain Underpants (Dog Man #6),1.2419256896020394,-0.4025678865652384,-0.8400723062688292,2019,1
85,Dog Man: Fetch-22: From the Creator of Captain Underpants (Dog Man #8),1.2419256896020394,0.05679965119291466,-0.47080975406275044,2019,1
86,Dog Man: For Whom the Ball Rolls: From the Creator of Captain Underpants (Dog Man #7),1.2419256896020394,-0.24438300264926222,-0.47080975406275044,2019,1
87,Dog Man: Lord of the Fleas: From the Creator of Captain Underpants (Dog Man #5),1.2419256896020394,-0.5531592134863268,-0.6554410301657898,2018,1
88,Double Down (Diary of a Wimpy Kid #11),0.8009578850306219,-0.5831921580054334,0.6369779025554859,2016,1
89,Dover Creative Haven Art Nouveau Animal Designs Coloring Book (Creative Haven Coloring Books),-0.08097772411220924,-0.8377896194969506,-0.7477566682173095,2015,0
90,Drive: The Surprising Truth About What Motivates Us,-0.5219455286836229,-0.8044291612385112,0.26771535034940713,2010,0
91,Eat This Not That! Supermarket Survival Guide: The No-Diet Weight Loss Solution,-0.5219455286836229,-0.9584333227640436,-1.1170192204233882,2009,0
92,"Eat This, Not That! Thousands of Simple Food Swaps that Can Save You 10, 20, 30 Pounds--or More!",-1.403881137826454,-0.9382975985978244,0.08308407424636775,2009,0
93,"Eat to Live: The Amazing Nutrient-Rich Program for Fast and Sustained Weight Loss, Revised Edition",-0.5219455286836229,-0.47841813564900476,-0.37849411601123073,2011,0
94,"Eat to Live: The Amazing Nutrient-Rich Program for Fast and Sustained Weight Loss, Revised Edition",-0.5219455286836229,-0.47841813564900476,-0.37849411601123073,2012,0
95,Eclipse (Twilight Sagas),0.35999008045920833,-0.5501729832074383,-0.5631253921142702,2009,1
96,Eclipse (Twilight),0.35999008045920833,-0.5501729832074383,0.45234662645244655,2009,1
97,Educated: A Memoir,0.35999008045920833,1.4313187881327076,0.17539971229788745,2018,0
98,Educated: A Memoir,0.35999008045920833,1.4313187881327076,0.17539971229788745,2019,0
99,"Enchanted Forest: An Inky Quest and Coloring book (Activity Books, Mindfulness and Meditation, Illustrated Floral Prints…",0.35999008045920833,-0.5580225027976594,-0.37849411601123073,2015,0
100,Fahrenheit 451,-0.08097772411220924,-0.10513935078794984,-0.47080975406275044,2016,1
101,Fahrenheit 451,-0.08097772411220924,-0.10513935078794984,-0.47080975406275044,2018,1
102,Fantastic Beasts and Where to Find Them: The Original Screenplay (Harry Potter),0.35999008045920833,-0.6470121651085349,0.17539971229788745,2016,1
103,Fear: Trump in the White House,-0.9629133332550365,-0.5043556786427786,-1.0247035823718686,2018,0
104,Fifty Shades Darker,-0.9629133332550365,0.9963530177963288,-0.5631253921142702,2012,1
105,Fifty Shades Freed: Book Three of the Fifty Shades Trilogy (Fifty Shades of Grey Series) (English Edition),-0.5219455286836229,0.7089070232370387,-0.19386283990819134,2012,1
106,Fifty Shades of Grey: Book One of the Fifty Shades Trilogy (Fifty Shades of Grey Series),-3.60872016068353,3.0128263438320255,0.08308407424636775,2012,1
107,Fifty Shades of Grey: Book One of the Fifty Shades Trilogy (Fifty Shades of Grey Series),-3.60872016068353,3.0128263438320255,0.08308407424636775,2013,1
108,Fifty Shades Trilogy (Fifty Shades of Grey / Fifty Shades Darker / Fifty Shades Freed),-0.5219455286836229,0.1715562147673418,1.7447655591737221,2012,1
109,Fire and Fury: Inside the Trump White House,-1.8448489423978678,0.1470691264804566,-0.6554410301657898,2018,0
110,First 100 Words,0.35999008045920833,0.4581490006755209,-0.8400723062688292,2014,0
111,First 100 Words,0.35999008045920833,0.4581490006755209,-0.8400723062688292,2015,0
112,First 100 Words,0.35999008045920833,0.4581490006755209,-0.8400723062688292,2016,0
113,First 100 Words,0.35999008045920833,0.4581490006755209,-0.8400723062688292,2017,0
114,First 100 Words,0.35999008045920833,0.4581490006755209,-0.8400723062688292,2018,0
115,Food Rules: An Eater's Manual,-0.9629133332550365,-0.8871904003962765,-0.37849411601123073,2010,0
116,Frozen (Little Golden Book),0.35999008045920833,-0.7091257549094144,-1.209334858474908,2014,1
117,"Game Change: Obama and the Clintons, McCain and Palin, and the Race of a Lifetime",-0.9629133332550365,-0.9161994945340499,-0.37849411601123073,2010,0
118,Game of Thrones Boxed Set: A Game of Thrones/A Clash of Kings/A Storm of Swords/A Feast for Crows,-0.08097772411220924,-0.5425794262125506,-0.7477566682173095,2011,1
119,Game of Thrones Boxed Set: A Game of Thrones/A Clash of Kings/A Storm of Swords/A Feast for Crows,-0.08097772411220924,-0.5425794262125506,-0.7477566682173095,2012,1
120,Game of Thrones Boxed Set: A Game of Thrones/A Clash of Kings/A Storm of Swords/A Feast for Crows,-0.08097772411220924,-0.5425794262125506,-0.7477566682173095,2013,1
121,George Washington's Sacred Fire,-0.5219455286836229,-0.9850534326787063,0.6369779025554859,2010,0
122,George Washington's Secret Six: The Spy Ring That Saved the American Revolution,-0.08097772411220924,-0.6104095139758737,0.26771535034940713,2013,0
123,Giraffes Can't Dance,0.8009578850306219,0.1778699587855631,-0.8400723062688292,2015,1
124,Giraffes Can't Dance,0.8009578850306219,0.1778699587855631,-0.8400723062688292,2016,1
125,Giraffes Can't Dance,0.8009578850306219,0.1778699587855631,-0.8400723062688292,2017,1
126,Giraffes Can't Dance,0.8009578850306219,0.1778699587855631,-0.8400723062688292,2018,1
127,Giraffes Can't Dance,0.8009578850306219,0.1778699587855631,-0.8400723062688292,2019,1
128,"Girl, Stop Apologizing: A Shame-Free Plan for Embracing and Achieving Your Goals",-0.08097772411220924,-0.3663065188930216,-0.10154720185667164,2019,0
129,"Girl, Wash Your Face: Stop Believing the Lies About Who You Are So You Can Become Who You Were Meant to Be",-0.08097772411220924,0.8817670959521238,-0.10154720185667164,2018,0
130,"Girl, Wash Your Face: Stop Believing the Lies About Who You Are So You Can Become Who You Were Meant to Be",-0.08097772411220924,0.8817670959521238,-0.10154720185667164,2019,0
131,"Glenn Beck's Common Sense: The Case Against an Out-of-Control Government, Inspired by Thomas Paine",-0.08097772411220924,-0.9034013647673852,-0.19386283990819134,2009,0
132,Go Set a Watchman: A Novel,-4.490655769826359,0.25841285545043985,0.5446622645039663,2015,1
133,Go the F**k to Sleep,0.8009578850306219,-0.20351430826104613,-0.37849411601123073,2011,1
134,Going Rogue: An American Life,-0.08097772411220924,-0.8802794103222775,-0.6554410301657898,2009,0
135,Gone Girl,-2.7267845515406988,3.8665469201336746,-0.286178477959711,2012,1
136,Gone Girl,-2.7267845515406988,3.8665469201336746,-0.286178477959711,2013,1
137,Gone Girl,-2.7267845515406988,3.8665469201336746,-0.37849411601123073,2014,1
138,Good Days Start With Gratitude: A 52 Week Guide To Cultivate An Attitude Of Gratitude: Gratitude Journal,-0.08097772411220924,-0.15462545255238683,-0.6554410301657898,2019,0
139,Good to Great: Why Some Companies Make the Leap and Others Don't,-0.5219455286836229,-0.7249101149549676,0.08308407424636775,2009,0
140,Good to Great: Why Some Companies Make the Leap and Others Don't,-0.5219455286836229,-0.7249101149549676,0.08308407424636775,2010,0
141,Good to Great: Why Some Companies Make the Leap and Others Don't,-0.5219455286836229,-0.7249101149549676,0.08308407424636775,2011,0
142,Good to Great: Why Some Companies Make the Leap and Others Don't,-0.5219455286836229,-0.7249101149549676,0.08308407424636775,2012,0
143,Goodnight Moon,0.8009578850306219,-0.26588386065725894,-0.7477566682173095,2017,1
144,Goodnight Moon,0.8009578850306219,-0.26588386065725894,-0.7477566682173095,2018,1
145,Goodnight Moon,0.8009578850306219,-0.26588386065725894,-0.7477566682173095,2019,1
146,"Goodnight, Goodnight Construction Site (Hardcover Books for Toddlers, Preschool Books for Kids)",1.2419256896020394,-0.41937609699212475,-0.5631253921142702,2012,1
147,"Goodnight, Goodnight Construction Site (Hardcover Books for Toddlers, Preschool Books for Kids)",1.2419256896020394,-0.41937609699212475,-0.5631253921142702,2013,1
148,"Grain Brain: The Surprising Truth about Wheat, Carbs, and Sugar--Your Brain's Silent Killers",-0.08097772411220924,-0.5103281392005555,-0.286178477959711,2014,0
149,Grey: Fifty Shades of Grey as Told by Christian (Fifty Shades of Grey Series),-0.9629133332550365,1.1663975019627475,0.08308407424636775,2015,1
150,Guts,0.8009578850306219,-0.5526472882956602,-0.5631253921142702,2019,0
151,Hamilton: The Revolution,1.2419256896020394,-0.5192868300372208,3.7757095963071556,2016,0
152,"Happy, Happy, Happy: My Life and Legacy as the Duck Commander",0.8009578850306219,-0.6659533971631987,-0.19386283990819134,2013,0
153,"Harry Potter and the Chamber of Secrets: The Illustrated Edition (Harry Potter, Book 2)",1.2419256896020394,0.6543016695659358,1.5601342830706828,2016,1
154,"Harry Potter and the Cursed Child, Parts 1 & 2, Special Rehearsal Edition Script",-2.7267845515406988,1.0255327536643244,-0.10154720185667164,2016,1
155,"Harry Potter and the Goblet of Fire: The Illustrated Edition (Harry Potter, Book 4) (4)",1.2419256896020394,-0.357945074112134,0.45234662645244655,2019,1
156,"Harry Potter and the Prisoner of Azkaban: The Illustrated Edition (Harry Potter, Book 3)",1.2419256896020394,-0.7514449040045191,1.5601342830706828,2017,1
157,"Harry Potter and the Sorcerer's Stone: The Illustrated Edition (Harry Potter, Book 1)",1.2419256896020394,-0.16221900954727458,0.8216091786585253,2016,1
158,Harry Potter Coloring Book,0.35999008045920833,-0.7157807823880801,-0.37849411601123073,2015,0
159,Harry Potter Paperback Box Set (Books 1-7),0.8009578850306219,0.1294930282675704,3.591078320204116,2016,1
160,Have a Little Faith: A True Story,0.8009578850306219,-0.8551950759796146,-0.8400723062688292,2009,0
161,Heaven is for Real: A Little Boy's Astounding Story of His Trip to Heaven and Back,0.35999008045920833,0.32641358494398515,-0.286178477959711,2011,0
162,Heaven is for Real: A Little Boy's Astounding Story of His Trip to Heaven and Back,0.35999008045920833,0.32641358494398515,-0.286178477959711,2012,0
163,Hillbilly Elegy: A Memoir of a Family and Culture in Crisis,-0.9629133332550365,0.3048274060708773,0.08308407424636775,2016,0
164,Hillbilly Elegy: A Memoir of a Family and Culture in Crisis,-0.9629133332550365,0.3048274060708773,0.08308407424636775,2017,0
165,Homebody: A Guide to Creating Spaces You Never Want to Leave,0.8009578850306219,-0.6976927589845273,0.8216091786585253,2018,0
166,How to Win Friends & Influence People,0.35999008045920833,1.1132426029985334,-0.19386283990819134,2014,0
167,How to Win Friends & Influence People,0.35999008045920833,1.1132426029985334,-0.19386283990819134,2015,0
168,How to Win Friends & Influence People,0.35999008045920833,1.1132426029985334,-0.19386283990819134,2016,0
169,How to Win Friends & Influence People,0.35999008045920833,1.1132426029985334,-0.19386283990819134,2017,0
170,How to Win Friends & Influence People,0.35999008045920833,1.1132426029985334,-0.19386283990819134,2018,0
171,Howard Stern Comes Again,-1.403881137826454,-0.5700527447783242,0.26771535034940713,2019,0
172,Humans of New York,0.8009578850306219,-0.7220945264063013,0.17539971229788745,2013,0
173,Humans of New York,0.8009578850306219,-0.7220945264063013,0.17539971229788745,2014,0
174,Humans of New York : Stories,1.2419256896020394,-0.779942072951626,0.36003098840092684,2015,0
175,"Hyperbole and a Half: Unfortunate Situations, Flawed Coping Mechanisms, Mayhem, and Other Things That Happened",0.35999008045920833,-0.6021333900600973,0.36003098840092684,2013,0
176,"I Am Confident, Brave & Beautiful: A Coloring Book for Girls",0.8009578850306219,-0.18909508205727052,-0.5631253921142702,2019,0
177,"I, Alex Cross",-0.08097772411220924,-0.9072408036973846,-0.5631253921142702,2009,1
178,If Animals Kissed Good Night,0.8009578850306219,0.40013081239997406,-0.8400723062688292,2017,1
179,If Animals Kissed Good Night,0.8009578850306219,0.40013081239997406,-0.8400723062688292,2019,1
180,If I Stay,-1.403881137826454,-0.40956419750434847,-0.37849411601123073,2014,1
181,"In the Garden of Beasts: Love, Terror, and an American Family in Hitler's Berlin",-0.9629133332550365,-0.6298626712212042,0.7292935406070057,2011,0
182,Inferno,-2.285816746969285,1.5099846257651404,0.08308407424636775,2013,1
183,Inheritance: Book IV (Inheritance Cycle),-0.08097772411220924,-0.5677490814203247,0.6369779025554859,2011,1
184,Instant Pot Pressure Cooker Cookbook: 500 Everyday Recipes for Beginners and Advanced Users. Try Easy and Healthy…,-0.9629133332550365,-0.3888312272823516,-0.009231563805151936,2019,0
185,Instant Pot Pressure Cooker Cookbook: 500 Everyday Recipes for Beginners and Advanced Users. Try Easy and Healthy…,-0.9629133332550365,-0.3888312272823516,-0.009231563805151936,2018,0
186,It's Not Supposed to Be This Way: Finding Unexpected Strength When Disappointments Leave You Shattered,0.8009578850306219,-0.4173283962294584,-0.10154720185667164,2019,0
187,Jesus Calling: Enjoying Peace in His Presence (with Scripture References),1.2419256896020394,0.6503769097708253,-0.47080975406275044,2011,0
188,Jesus Calling: Enjoying Peace in His Presence (with Scripture References),1.2419256896020394,0.6503769097708253,-0.47080975406275044,2012,0
189,Jesus Calling: Enjoying Peace in His Presence (with Scripture References),1.2419256896020394,0.6503769097708253,-0.47080975406275044,2013,0
190,Jesus Calling: Enjoying Peace in His Presence (with Scripture References),1.2419256896020394,0.6503769097708253,-0.47080975406275044,2014,0
191,Jesus Calling: Enjoying Peace in His Presence (with Scripture References),1.2419256896020394,0.6503769097708253,-0.47080975406275044,2015,0
192,Jesus Calling: Enjoying Peace in His Presence (with Scripture References),1.2419256896020394,0.6503769097708253,-0.47080975406275044,2016,0
193,JOURNEY TO THE ICE P,-0.08097772411220924,-0.9364205395653802,-1.209334858474908,2014,1
194,Joyland (Hard Case Crime),-0.5219455286836229,-0.6147608780965398,-0.10154720185667164,2013,1
195,Killers of the Flower Moon: The Osage Murders and the Birth of the FBI,-0.08097772411220924,-0.3037663247665866,0.36003098840092684,2017,0
196,Killing Jesus (Bill O'Reilly's Killing Series),-0.5219455286836229,-0.047974371163514,-0.10154720185667164,2013,0
197,Killing Kennedy: The End of Camelot,-0.08097772411220924,-0.2832039962748119,1.0985560928130844,2012,0
198,Killing Lincoln: The Shocking Assassination that Changed America Forever (Bill O'Reilly's Killing Series),0.35999008045920833,-0.22279682377615434,-0.286178477959711,2011,0
199,Killing Lincoln: The Shocking Assassination that Changed America Forever (Bill O'Reilly's Killing Series),0.35999008045920833,-0.22279682377615434,-0.286178477959711,2012,0
200,Killing Patton: The Strange Death of World War II's Most Audacious General (Bill O'Reilly's Killing Series),-0.08097772411220924,-0.0875632525750636,-0.6554410301657898,2014,0
201,Killing Reagan: The Violent Assault That Changed a Presidency (Bill O'Reilly's Killing Series),-0.08097772411220924,-0.5732096167874349,-0.7477566682173095,2015,0
202,Killing the Rising Sun: How America Vanquished World War II Japan (Bill O'Reilly's Killing Series),0.8009578850306219,-0.2591435123134822,-0.6554410301657898,2016,0
203,Kitchen Confidential Updated Edition: Adventures in the Culinary Underbelly (P.S.),0.8009578850306219,-0.805964936810511,-0.47080975406275044,2018,0
204,Knock-Knock Jokes for Kids,-0.5219455286836229,-0.7064808080909704,-0.8400723062688292,2013,0
205,Knock-Knock Jokes for Kids,-0.5219455286836229,-0.7064808080909704,-0.8400723062688292,2014,0
206,Knock-Knock Jokes for Kids,-0.5219455286836229,-0.7064808080909704,-0.8400723062688292,2015,0
207,"Last Week Tonight with John Oliver Presents A Day in the Life of Marlon Bundo (Better Bundo Book, LGBT Childrens Book)",1.2419256896020394,-0.006167147259075856,-0.009231563805151936,2018,1
208,Laugh-Out-Loud Jokes for Kids,-0.08097772411220924,-0.42347149851745747,-0.8400723062688292,2013,0
209,Laugh-Out-Loud Jokes for Kids,-0.08097772411220924,-0.42347149851745747,-0.8400723062688292,2014,0
210,Laugh-Out-Loud Jokes for Kids,-0.08097772411220924,-0.42347149851745747,-0.8400723062688292,2015,0
211,Laugh-Out-Loud Jokes for Kids,-0.08097772411220924,-0.42347149851745747,-0.8400723062688292,2016,0
212,Laugh-Out-Loud Jokes for Kids,-0.08097772411220924,-0.42347149851745747,-0.8400723062688292,2017,0
213,"Lean In: Women, Work, and the Will to Lead",-0.5219455286836229,-0.49667680078277976,-0.009231563805151936,2013,0
214,Leonardo da Vinci,-0.5219455286836229,-0.7627072581991842,0.7292935406070057,2017,0
215,Lettering and Modern Calligraphy: A Beginner's Guide: Learn Hand Lettering and Brush Lettering,-0.9629133332550365,-0.37569181405524243,-0.6554410301657898,2018,0
216,Liberty and Tyranny: A Conservative Manifesto,0.8009578850306219,-0.6932560739987502,0.17539971229788745,2009,0
217,Life,-0.5219455286836229,-0.7850613248582919,0.45234662645244655,2010,0
218,Little Bee: A Novel,-2.285816746969285,-0.8946986365260532,-0.286178477959711,2010,1
219,Little Blue Truck,1.2419256896020394,-0.8591198357747252,-1.209334858474908,2014,1
220,Little Fires Everywhere,-0.5219455286836229,1.1733938129018577,-0.10154720185667164,2018,1
221,Looking for Alaska,-0.5219455286836229,-0.295404879985699,-0.5631253921142702,2014,1
222,"Love Wins: A Book About Heaven, Hell, and the Fate of Every Person Who Ever Lived",-1.8448489423978678,-0.8791702390758332,-0.009231563805151936,2011,0
223,Love You Forever,0.8009578850306219,0.5682129166688377,-0.7477566682173095,2014,1
224,Love You Forever,0.8009578850306219,0.5682129166688377,-0.7477566682173095,2015,1
225,Magnolia Table: A Collection of Recipes for Gathering,0.8009578850306219,-0.17800336959282775,0.26771535034940713,2018,0
226,Make It Ahead: A Barefoot Contessa Cookbook,-0.5219455286836229,-0.9016096266000522,0.6369779025554859,2014,0
227,Make Your Bed: Little Things That Can Change Your Life...And Maybe the World,0.35999008045920833,-0.14967684237594314,-0.19386283990819134,2017,0
228,"Mastering the Art of French Cooking, Vol. 2",0.8009578850306219,-0.7702154943289607,1.2831873689161237,2009,0
229,Milk and Honey,0.35999008045920833,0.49364248056173776,-0.47080975406275044,2016,0
230,Milk and Honey,0.35999008045920833,0.49364248056173776,-0.47080975406275044,2017,0
231,Milk and Honey,0.35999008045920833,0.49364248056173776,-0.47080975406275044,2018,0
232,Milk and Vine: Inspirational Quotes From Classic Vines,-0.9629133332550365,-0.7542604925531854,-0.6554410301657898,2017,0
233,Mindset: The New Psychology of Success,-0.08097772411220924,-0.5470161111983277,-0.286178477959711,2014,0
234,Mindset: The New Psychology of Success,-0.08097772411220924,-0.5470161111983277,-0.286178477959711,2015,0
235,Mindset: The New Psychology of Success,-0.08097772411220924,-0.5470161111983277,-0.286178477959711,2016,0
236,Mockingjay (The Hunger Games),-0.5219455286836229,1.2617009082918442,-0.47080975406275044,2010,1
237,Mockingjay (The Hunger Games),-0.5219455286836229,1.2617009082918442,-0.47080975406275044,2011,1
238,Mockingjay (The Hunger Games),-0.5219455286836229,1.2617009082918442,-0.47080975406275044,2012,1
239,"National Geographic Kids Why?: Over 1,111 Answers to Everything",0.8009578850306219,-0.5636536798949919,0.26771535034940713,2019,0
240,National Geographic Little Kids First Big Book of Why (National Geographic Little Kids First Big Books),0.8009578850306219,-0.3487304206801354,-0.19386283990819134,2019,0
241,New Moon (The Twilight Saga),-0.08097772411220924,-0.5352418318129962,-0.286178477959711,2009,1
242,Night (Night),0.35999008045920833,-0.5780729060987675,-0.37849411601123073,2016,0
243,No Easy Day: The Autobiography of a Navy Seal: The Firsthand Account of the Mission That Killed Osama Bin Laden,-0.08097772411220924,-0.32936258429991605,0.08308407424636775,2012,0
244,Obama: An Intimate Portrait,1.2419256896020394,-0.7475201442094087,0.8216091786585253,2017,0
245,"Oh, the Places You'll Go!",1.2419256896020394,0.8430314231916851,-0.47080975406275044,2012,1
246,"Oh, the Places You'll Go!",1.2419256896020394,0.8430314231916851,-0.47080975406275044,2013,1
247,"Oh, the Places You'll Go!",1.2419256896020394,0.8430314231916851,-0.47080975406275044,2014,1
248,"Oh, the Places You'll Go!",1.2419256896020394,0.8430314231916851,-0.47080975406275044,2015,1
249,"Oh, the Places You'll Go!",1.2419256896020394,0.8430314231916851,-0.47080975406275044,2016,1
250,"Oh, the Places You'll Go!",1.2419256896020394,0.8430314231916851,-0.47080975406275044,2017,1
251,"Oh, the Places You'll Go!",1.2419256896020394,0.8430314231916851,-0.47080975406275044,2018,1
252,"Oh, the Places You'll Go!",1.2419256896020394,0.8430314231916851,-0.47080975406275044,2019,1
253,Old School (Diary of a Wimpy Kid #10),0.8009578850306219,-0.4935199287736691,-0.5631253921142702,2015,1
254,Olive Kitteridge,-1.8448489423978678,-0.6342993562069813,-0.10154720185667164,2009,1
255,One Thousand Gifts: A Dare to Live Fully Right Where You Are,-0.08097772411220924,-0.7499944492976305,-0.009231563805151936,2011,0
256,One Thousand Gifts: A Dare to Live Fully Right Where You Are,-0.08097772411220924,-0.7499944492976305,-0.009231563805151936,2012,0
257,"Option B: Facing Adversity, Building Resilience, and Finding Joy",-0.5219455286836229,-0.8636418416256134,-0.37849411601123073,2017,0
258,Origin: A Novel (Robert Langdon),-1.403881137826454,0.5930412884161672,-0.009231563805151936,2017,1
259,Orphan Train,-0.08097772411220924,0.8512222262423506,-0.19386283990819134,2014,1
260,Outliers: The Story of Success,-0.08097772411220924,-0.13030900599572384,0.6369779025554859,2009,0
261,Outliers: The Story of Success,-0.08097772411220924,-0.13030900599572384,0.6369779025554859,2010,0
262,P is for Potty! (Sesame Street) (Lift-the-Flap),0.35999008045920833,-0.09669258514195112,-0.7477566682173095,2018,0
263,P is for Potty! (Sesame Street) (Lift-the-Flap),0.35999008045920833,-0.09669258514195112,-0.7477566682173095,2019,0
264,Percy Jackson and the Olympians Paperback Boxed Set (Books 1-3),0.8009578850306219,-0.9731085115631525,-1.0247035823718686,2010,1
265,Player's Handbook (Dungeons & Dragons),0.8009578850306219,0.4297371525935252,1.2831873689161237,2017,1
266,Player's Handbook (Dungeons & Dragons),0.8009578850306219,0.4297371525935252,1.2831873689161237,2018,1
267,Player's Handbook (Dungeons & Dragons),0.8009578850306219,0.4297371525935252,1.2831873689161237,2019,1
268,Pokémon Deluxe Essential Handbook: The Need-to-Know Stats and Facts on Over 700 Pokémon,0.35999008045920833,-0.7209853551598571,-0.37849411601123073,2016,1
269,Proof of Heaven: A Neurosurgeon's Journey into the Afterlife,-1.403881137826454,0.14186455370867962,-0.286178477959711,2012,0
270,Proof of Heaven: A Neurosurgeon's Journey into the Afterlife,-1.403881137826454,0.14186455370867962,-0.286178477959711,2013,0
271,"Publication Manual of the American Psychological Association, 6th Edition",-0.5219455286836229,-0.28781132299081125,3.037184491894998,2009,0
272,"Publication Manual of the American Psychological Association, 6th Edition",-0.5219455286836229,-0.28781132299081125,3.037184491894998,2010,0
273,"Publication Manual of the American Psychological Association, 6th Edition",-0.5219455286836229,-0.28781132299081125,3.037184491894998,2011,0
274,"Publication Manual of the American Psychological Association, 6th Edition",-0.5219455286836229,-0.28781132299081125,3.037184491894998,2012,0
275,"Publication Manual of the American Psychological Association, 6th Edition",-0.5219455286836229,-0.28781132299081125,3.037184491894998,2013,0
276,"Publication Manual of the American Psychological Association, 6th Edition",-0.5219455286836229,-0.28781132299081125,3.037184491894998,2014,0
277,"Publication Manual of the American Psychological Association, 6th Edition",-0.5219455286836229,-0.28781132299081125,3.037184491894998,2015,0
278,"Publication Manual of the American Psychological Association, 6th Edition",-0.5219455286836229,-0.28781132299081125,3.037184491894998,2016,0
279,"Publication Manual of the American Psychological Association, 6th Edition",-0.5219455286836229,-0.28781132299081125,3.037184491894998,2017,0
280,"Publication Manual of the American Psychological Association, 6th Edition",-0.5219455286836229,-0.28781132299081125,3.037184491894998,2018,0
281,Puppy Birthday to You! (Paw Patrol) (Little Golden Book),0.8009578850306219,-0.6139929903105399,-0.8400723062688292,2017,1
282,Quiet: The Power of Introverts in a World That Can't Stop Talking,-0.08097772411220924,-0.1658878067470518,0.6369779025554859,2012,0
283,Quiet: The Power of Introverts in a World That Can't Stop Talking,-0.08097772411220924,-0.1658878067470518,-0.5631253921142702,2013,0
284,Radical: Taking Back Your Faith from the American Dream,0.35999008045920833,-0.8505024283985043,-0.37849411601123073,2010,0
285,Radical: Taking Back Your Faith from the American Dream,0.35999008045920833,-0.8505024283985043,-0.37849411601123073,2011,0
286,Ready Player One: A Novel,-0.08097772411220924,0.9029266704996761,-0.10154720185667164,2017,1
287,Ready Player One: A Novel,-0.08097772411220924,0.9029266704996761,-0.10154720185667164,2018,1
288,Rush Revere and the Brave Pilgrims: Time-Travel Adventures with Exceptional Americans (1),1.2419256896020394,-0.40982016009968175,-0.10154720185667164,2013,1
289,Rush Revere and the First Patriots: Time-Travel Adventures With Exceptional Americans (2),1.2419256896020394,-0.6925735070778614,-0.10154720185667164,2014,1
290,"Salt, Fat, Acid, Heat: Mastering the Elements of Good Cooking",0.8009578850306219,-0.35419095604724565,0.6369779025554859,2018,0
291,"Salt, Fat, Acid, Heat: Mastering the Elements of Good Cooking",0.8009578850306219,-0.35419095604724565,0.6369779025554859,2019,0
292,Sarah's Key,-0.08097772411220924,-0.7110881348069698,-0.286178477959711,2010,1
293,"School Zone - Big Preschool Workbook - Ages 4 and Up, Colors, Shapes, Numbers 1-10, Alphabet, Pre-Writing, Pre-Reading…",0.8009578850306219,0.9465256325714474,-0.6554410301657898,2018,0
294,"School Zone - Big Preschool Workbook - Ages 4 and Up, Colors, Shapes, Numbers 1-10, Alphabet, Pre-Writing, Pre-Reading…",0.8009578850306219,0.9465256325714474,-0.6554410301657898,2019,0
295,"Secret Garden: An Inky Treasure Hunt and Coloring Book (For Adults, mindfulness coloring)",0.35999008045920833,-0.22074912301348798,-0.37849411601123073,2015,0
296,Sh*t My Dad Says,0.35999008045920833,-0.911933451278495,-0.19386283990819134,2010,0
297,Ship of Fools: How a Selfish Ruling Class Is Bringing America to the Brink of Revolution,0.8009578850306219,-0.6851505918131958,0.26771535034940713,2018,0
298,Shred: The Revolutionary Diet: 6 Weeks 4 Inches 2 Sizes,-2.285816746969285,-0.826015340111619,-0.6554410301657898,2013,0
299,Sookie Stackhouse,0.35999008045920833,-0.9368471438909357,1.0985560928130844,2009,1
300,"Soul Healing Miracles: Ancient and New Sacred Wisdom, Knowledge, and Practical Techniques for Healing the Spiritual…",-0.08097772411220924,-1.0010937553195927,0.36003098840092684,2013,0
301,Steve Jobs,-0.08097772411220924,-0.3520579344194682,0.6369779025554859,2011,0
302,Steve Jobs,-0.08097772411220924,-0.3520579344194682,0.6369779025554859,2012,0
303,Strange Planet (Strange Planet Series),1.2419256896020394,-0.21938398917171043,-0.6554410301657898,2019,1
304,StrengthsFinder 2.0,-2.7267845515406988,-0.5873728803958772,0.36003098840092684,2009,0
305,StrengthsFinder 2.0,-2.7267845515406988,-0.5873728803958772,0.36003098840092684,2010,0
306,StrengthsFinder 2.0,-2.7267845515406988,-0.5873728803958772,0.36003098840092684,2011,0
307,StrengthsFinder 2.0,-2.7267845515406988,-0.5873728803958772,0.36003098840092684,2012,0
308,StrengthsFinder 2.0,-2.7267845515406988,-0.5873728803958772,0.36003098840092684,2013,0
309,StrengthsFinder 2.0,-2.7267845515406988,-0.5873728803958772,0.36003098840092684,2014,0
310,StrengthsFinder 2.0,-2.7267845515406988,-0.5873728803958772,0.36003098840092684,2015,0
311,StrengthsFinder 2.0,-2.7267845515406988,-0.5873728803958772,0.36003098840092684,2016,0
312,StrengthsFinder 2.0,-2.7267845515406988,-0.5873728803958772,0.36003098840092684,2017,0
313,"Super Freakonomics: Global Cooling, Patriotic Prostitutes, and Why Suicide Bombers Should Buy Life Insurance",-0.5219455286836229,-0.8848014161731658,0.45234662645244655,2009,0
314,Switch: How to Change Things When Change Is Hard,-0.08097772411220924,-0.85715745587717,-0.009231563805151936,2010,0
315,Sycamore Row (Jake Brigance),-0.5219455286836229,0.952242130533891,0.45234662645244655,2013,1
316,Teach Like a Champion: 49 Techniques that Put Students on the Path to College,-0.9629133332550365,-0.9655149545682647,0.6369779025554859,2010,0
317,Teach Like a Champion: 49 Techniques that Put Students on the Path to College,-0.9629133332550365,-0.9655149545682647,0.6369779025554859,2011,0
318,The 17 Day Diet: A Doctor's Plan Designed for Rapid Results,-1.403881137826454,-0.822431863776953,0.8216091786585253,2011,0
319,"The 4 Hour Body: An Uncommon Guide to Rapid Fat Loss, Incredible Sex and Becoming Superhuman",-1.403881137826454,-0.6284975373794266,0.7292935406070057,2011,0
320,The 5 Love Languages: The Secret to Love That Lasts,0.35999008045920833,-0.7232036976527456,1.3755030069676435,2010,0
321,The 5 Love Languages: The Secret to Love That Lasts,0.35999008045920833,-0.7232036976527456,1.3755030069676435,2011,0
322,The 5 Love Languages: The Secret to Love That Lasts,0.35999008045920833,-0.7232036976527456,1.3755030069676435,2012,0
323,The 5 Love Languages: The Secret to Love That Lasts,0.35999008045920833,-0.7232036976527456,1.3755030069676435,2013,0
324,The 5 Love Languages: The Secret to Love That Lasts,0.35999008045920833,-0.7232036976527456,1.3755030069676435,2014,0
325,The 5 Love Languages: The Secret to Love that Lasts,0.8009578850306219,1.1604250414049706,-0.47080975406275044,2015,0
326,The 5 Love Languages: The Secret to Love that Lasts,0.8009578850306219,1.1604250414049706,-0.47080975406275044,2016,0
327,The 5 Love Languages: The Secret to Love that Lasts,0.8009578850306219,1.1604250414049706,-0.47080975406275044,2017,0
328,The 5 Love Languages: The Secret to Love that Lasts,0.8009578850306219,1.1604250414049706,-0.47080975406275044,2018,0
329,The 5 Love Languages: The Secret to Love that Lasts,0.8009578850306219,1.1604250414049706,-0.47080975406275044,2019,0
330,The 5000 Year Leap,0.8009578850306219,-0.8765252922573893,-0.10154720185667164,2009,0
331,The 7 Habits of Highly Effective People: Powerful Lessons in Personal Change,-0.08097772411220924,-0.22424727848304302,1.0062404547615647,2009,0
332,The 7 Habits of Highly Effective People: Powerful Lessons in Personal Change,-0.08097772411220924,-0.22424727848304302,1.0062404547615647,2011,0
333,The 7 Habits of Highly Effective People: Powerful Lessons in Personal Change,-0.08097772411220924,-0.22424727848304302,1.0062404547615647,2012,0
334,The 7 Habits of Highly Effective People: Powerful Lessons in Personal Change,-0.08097772411220924,-0.22424727848304302,1.0062404547615647,2013,0
335,The 7 Habits of Highly Effective People: Powerful Lessons in Personal Change,0.35999008045920833,-0.616723257994095,0.26771535034940713,2015,0
336,The 7 Habits of Highly Effective People: Powerful Lessons in Personal Change,0.35999008045920833,-0.616723257994095,0.26771535034940713,2016,0
337,The 7 Habits of Highly Effective People: Powerful Lessons in Personal Change,0.35999008045920833,-0.616723257994095,0.26771535034940713,2017,0
338,The Alchemist,0.35999008045920833,2.0345373044681723,2.39097502553436,2014,1
339,The Amateur,-0.08097772411220924,-0.7997365136574008,-0.37849411601123073,2012,0
340,The Art of Racing in the Rain: A Novel,0.35999008045920833,-0.011968966086630537,-0.286178477959711,2010,1
341,The Art of Racing in the Rain: A Novel,0.35999008045920833,-0.011968966086630537,-0.286178477959711,2011,1
342,The Big Short: Inside the Doomsday Machine,0.35999008045920833,-0.7181697666111908,0.36003098840092684,2010,0
343,The Blood of Olympus (The Heroes of Olympus (5)),0.8009578850306219,-0.4567466359107858,-0.19386283990819134,2014,1
344,"The Blood Sugar Solution: The UltraHealthy Program for Losing Weight, Preventing Disease, and Feeling Great Now!",-1.8448489423978678,-0.8672253179602796,0.08308407424636775,2012,0
345,"The Body Keeps the Score: Brain, Mind, and Body in the Healing of Trauma",0.8009578850306219,0.03478686799425131,-0.10154720185667164,2019,0
346,The Book of Basketball: The NBA According to The Sports Guy,0.35999008045920833,-0.946659043378712,3.683393958255636,2009,0
347,The Book Thief,-0.08097772411220924,0.9551430399476682,-0.6554410301657898,2013,1
348,The Book Thief,-0.08097772411220924,0.9551430399476682,-0.6554410301657898,2014,1
349,The Book with No Pictures,0.8009578850306219,-0.33038643468124923,-0.47080975406275044,2014,1
350,The Book with No Pictures,0.8009578850306219,-0.33038643468124923,-0.47080975406275044,2015,1
351,The Boys in the Boat: Nine Americans and Their Epic Quest for Gold at the 1936 Berlin Olympics,0.8009578850306219,0.9730604216209989,-0.10154720185667164,2014,0
352,The Boys in the Boat: Nine Americans and Their Epic Quest for Gold at the 1936 Berlin Olympics,0.8009578850306219,0.9730604216209989,-0.10154720185667164,2015,0
353,The Casual Vacancy,-5.813559183540606,-0.2202371978228214,-0.10154720185667164,2012,1
354,The China Study: The Most Comprehensive Study of Nutrition Ever Conducted And the Startling Implications for Diet…,0.35999008045920833,-0.6245727775843161,0.7292935406070057,2011,0
355,The Complete Ketogenic Diet for Beginners: Your Essential Guide to Living the Keto Lifestyle,-1.403881137826454,0.0945114735720201,-0.6554410301657898,2018,0
356,The Complete Ketogenic Diet for Beginners: Your Essential Guide to Living the Keto Lifestyle,-1.403881137826454,0.0945114735720201,-0.6554410301657898,2019,0
357,The Confession: A Novel,-1.403881137826454,-0.7192789378576352,-0.009231563805151936,2010,1
358,The Constitution of the United States,0.8009578850306219,-0.7831842658258478,-1.209334858474908,2016,0
359,The Daily Show with Jon Stewart Presents Earth (The Book): A Visitor's Guide to the Human Race,-0.9629133332550365,-0.982323164995151,-0.19386283990819134,2010,0
360,The Day the Crayons Quit,0.8009578850306219,-0.25863158712281564,-0.37849411601123073,2013,1
361,The Day the Crayons Quit,0.8009578850306219,-0.25863158712281564,-0.37849411601123073,2014,1
362,The Day the Crayons Quit,0.8009578850306219,-0.25863158712281564,-0.37849411601123073,2015,1
363,"The Dukan Diet: 2 Steps to Lose the Weight, 2 Steps to Keep It Off Forever",-2.285816746969285,-0.8472602355242825,0.17539971229788745,2011,0
364,The Elegance of the Hedgehog,-2.7267845515406988,-0.8612528574025027,-0.19386283990819134,2009,1
365,The Fault in Our Stars,0.35999008045920833,3.2873035668944284,-0.009231563805151936,2012,1
366,The Fault in Our Stars,0.35999008045920833,3.2873035668944284,-0.009231563805151936,2013,1
367,The Fault in Our Stars,0.35999008045920833,3.2873035668944284,-0.5631253921142702,2014,1
368,The Fault in Our Stars,0.35999008045920833,3.2873035668944284,-0.009231563805151936,2014,1
369,The Five Dysfunctions of a Team: A Leadership Fable,-0.08097772411220924,-0.7462403312327421,-0.6554410301657898,2009,0
370,The Five Dysfunctions of a Team: A Leadership Fable,-0.08097772411220924,-0.7462403312327421,-0.6554410301657898,2010,0
371,The Five Dysfunctions of a Team: A Leadership Fable,-0.08097772411220924,-0.7462403312327421,-0.6554410301657898,2011,0
372,The Five Dysfunctions of a Team: A Leadership Fable,-0.08097772411220924,-0.7462403312327421,-0.6554410301657898,2012,0
373,The Five Dysfunctions of a Team: A Leadership Fable,-0.08097772411220924,-0.7462403312327421,-0.6554410301657898,2013,0
374,The Five Love Languages: How to Express Heartfelt Commitment to Your Mate,-0.08097772411220924,-0.9513516909598224,-0.37849411601123073,2009,0
375,The Four Agreements: A Practical Guide to Personal Freedom (A Toltec Wisdom Book),0.35999008045920833,0.968794378365444,-0.6554410301657898,2013,0
376,The Four Agreements: A Practical Guide to Personal Freedom (A Toltec Wisdom Book),0.35999008045920833,0.968794378365444,-0.6554410301657898,2015,0
377,The Four Agreements: A Practical Guide to Personal Freedom (A Toltec Wisdom Book),0.35999008045920833,0.968794378365444,-0.6554410301657898,2016,0
378,The Four Agreements: A Practical Guide to Personal Freedom (A Toltec Wisdom Book),0.35999008045920833,0.968794378365444,-0.6554410301657898,2017,0
379,The Four Agreements: A Practical Guide to Personal Freedom (A Toltec Wisdom Book),0.35999008045920833,0.968794378365444,-0.6554410301657898,2018,0
380,The Four Agreements: A Practical Guide to Personal Freedom (A Toltec Wisdom Book),0.35999008045920833,0.968794378365444,-0.6554410301657898,2019,0
381,The Getaway,0.8009578850306219,-0.5219317768556648,-1.209334858474908,2017,1
382,The Girl on the Train,-2.285816746969285,5.758537103972278,0.45234662645244655,2015,1
383,The Girl on the Train,-2.285816746969285,5.758537103972278,-0.5631253921142702,2016,1
384,The Girl Who Kicked the Hornet's Nest (Millennium Trilogy),0.35999008045920833,-0.3588836036283561,0.08308407424636775,2010,1
385,The Girl Who Kicked the Hornet's Nest (Millennium Trilogy),0.35999008045920833,-0.3588836036283561,0.08308407424636775,2011,1
386,The Girl Who Played with Fire (Millennium Series),0.35999008045920833,-0.4012027527234608,-0.37849411601123073,2010,1
387,The Girl Who Played with Fire (Millennium),0.35999008045920833,-0.4012027527234608,0.26771535034940713,2009,1
388,The Girl with the Dragon Tattoo (Millennium Series),-0.9629133332550365,-0.11896133093594775,-1.0247035823718686,2009,1
389,The Girl with the Dragon Tattoo (Millennium Series),-0.9629133332550365,-0.11896133093594775,-1.0247035823718686,2010,1
390,The Going-To-Bed Book,0.8009578850306219,-0.5720151246758796,-0.7477566682173095,2016,1
391,The Going-To-Bed Book,0.8009578850306219,-0.5720151246758796,-0.7477566682173095,2017,1
392,The Goldfinch: A Novel (Pulitzer Prize for Fiction),-3.1677523561121146,1.8677350131759753,0.6369779025554859,2013,1
393,The Goldfinch: A Novel (Pulitzer Prize for Fiction),-3.1677523561121146,1.8677350131759753,0.6369779025554859,2014,1
394,The Great Gatsby,-0.9629133332550365,-0.028777176513516897,-0.5631253921142702,2012,1
395,The Great Gatsby,-0.9629133332550365,-0.028777176513516897,-0.5631253921142702,2013,1
396,The Great Gatsby,-0.9629133332550365,-0.028777176513516897,-0.5631253921142702,2014,1
397,The Guardians: A Novel,-0.5219455286836229,0.14126730765290194,0.08308407424636775,2019,1
398,The Guernsey Literary and Potato Peel Pie Society,0.35999008045920833,-0.28721407693503354,-0.286178477959711,2009,1
399,The Handmaid's Tale,-1.403881137826454,1.4921525649569207,-0.5631253921142702,2017,1
400,The Harbinger: The Ancient Mystery that Holds the Secret of America's Future,-0.08097772411220924,-0.0729733846410658,-0.009231563805151936,2012,1
401,The Hate U Give,0.8009578850306219,-0.1711777003839399,-0.19386283990819134,2018,1
402,The Help,0.8009578850306219,0.16362137431200968,-0.6554410301657898,2009,1
403,The Help,0.8009578850306219,0.16362137431200968,-0.6554410301657898,2010,1
404,The Help,0.8009578850306219,0.16362137431200968,-0.47080975406275044,2011,1
405,The Help,0.8009578850306219,0.16362137431200968,-0.5631253921142702,2011,1
406,"The House of Hades (Heroes of Olympus, Book 4)",0.8009578850306219,-0.4241540654383463,0.08308407424636775,2013,1
407,The Hunger Games,0.35999008045920833,1.720812483454664,0.08308407424636775,2010,1
408,The Hunger Games (Book 1),0.35999008045920833,1.720812483454664,-0.47080975406275044,2011,1
409,The Hunger Games (Book 1),0.35999008045920833,1.720812483454664,-0.47080975406275044,2012,1
410,The Hunger Games Trilogy Boxed Set (1),0.8009578850306219,0.4262389971239701,1.5601342830706828,2011,1
411,The Hunger Games Trilogy Boxed Set (1),0.8009578850306219,0.4262389971239701,1.5601342830706828,2012,1
412,The Immortal Life of Henrietta Lacks,0.35999008045920833,-0.22731882962704256,-0.009231563805151936,2010,0
413,The Immortal Life of Henrietta Lacks,0.35999008045920833,-0.22731882962704256,-0.37849411601123073,2011,0
414,The Immortal Life of Henrietta Lacks,0.35999008045920833,-0.22731882962704256,-0.37849411601123073,2012,0
415,The Instant Pot Electric Pressure Cooker Cookbook: Easy Recipes for Fast & Healthy Meals,-1.403881137826454,-0.3912202115054623,-0.5631253921142702,2017,0
416,The Instant Pot Electric Pressure Cooker Cookbook: Easy Recipes for Fast & Healthy Meals,-1.403881137826454,-0.3912202115054623,-0.5631253921142702,2018,0
417,The Last Lecture,0.35999008045920833,-0.6761919009765305,-0.37849411601123073,2009,0
418,"The Last Olympian (Percy Jackson and the Olympians, Book 5)",0.8009578850306219,-0.6249993819098716,-0.5631253921142702,2009,1
419,"The Last Olympian (Percy Jackson and the Olympians, Book 5)",0.8009578850306219,-0.6249993819098716,-0.5631253921142702,2010,1
420,The Legend of Zelda: Hyrule Historia,1.2419256896020394,-0.5594729575045481,0.6369779025554859,2013,1
421,The Lego Ideas Book: Unlock Your Imagination,-0.9629133332550365,-0.6575066315172,-0.009231563805151936,2011,0
422,The Lego Ideas Book: Unlock Your Imagination,-0.9629133332550365,-0.6575066315172,-0.009231563805151936,2012,0
423,The Life-Changing Magic of Tidying Up: The Japanese Art of Decluttering and Organizing,-0.5219455286836229,0.9118853613363415,-0.19386283990819134,2015,0
424,The Life-Changing Magic of Tidying Up: The Japanese Art of Decluttering and Organizing,-0.5219455286836229,0.9118853613363415,-0.19386283990819134,2016,0
425,The Life-Changing Magic of Tidying Up: The Japanese Art of Decluttering and Organizing,-0.5219455286836229,0.9118853613363415,-0.19386283990819134,2017,0
426,The Life-Changing Magic of Tidying Up: The Japanese Art of Decluttering and Organizing,-0.5219455286836229,0.9118853613363415,-0.19386283990819134,2019,0
427,The Litigators,-0.9629133332550365,-0.48899792292278094,0.45234662645244655,2011,1
428,"The Lost Hero (Heroes of Olympus, Book 1)",0.8009578850306219,-0.6354085274534256,0.08308407424636775,2010,1
429,The Lost Symbol,-1.8448489423978678,-0.2735627385172578,0.5446622645039663,2009,1
430,The Love Dare,0.8009578850306219,-0.8786583138851667,-0.009231563805151936,2009,0
431,The Magnolia Story,1.2419256896020394,-0.34915702500569085,-0.7477566682173095,2016,0
432,"The Mark of Athena (Heroes of Olympus, Book 3)",0.8009578850306219,-0.4868649012950035,-0.286178477959711,2012,1
433,The Martian,0.35999008045920833,2.346811670774792,-0.37849411601123073,2015,1
434,The Maze Runner (Book 1),-0.5219455286836229,-0.15803828715683077,-0.47080975406275044,2014,1
435,The Meltdown (Diary of a Wimpy Kid Book 13),0.8009578850306219,-0.5166418832187768,-0.47080975406275044,2018,1
436,The Mueller Report,-0.08097772411220924,-0.7857438917791807,-0.10154720185667164,2019,0
437,The Nightingale: A Novel,0.8009578850306219,3.1854304539517773,-0.19386283990819134,2015,1
438,The Nightingale: A Novel,0.8009578850306219,3.1854304539517773,-0.19386283990819134,2016,1
439,The Official SAT Study Guide,-0.9629133332550365,-0.9173939866456053,2.48329066358588,2010,0
440,The Official SAT Study Guide,-0.9629133332550365,-0.9173939866456053,2.48329066358588,2011,0
441,The Official SAT Study Guide,-0.9629133332550365,-0.9173939866456053,2.48329066358588,2012,0
442,The Official SAT Study Guide,-0.9629133332550365,-0.9173939866456053,2.48329066358588,2013,0
443,The Official SAT Study Guide,-0.9629133332550365,-0.9173939866456053,2.48329066358588,2014,0
444,"The Official SAT Study Guide, 2016 Edition (Official Study Guide for the New Sat)",-1.403881137826454,-0.951010407499378,2.1140281113798007,2016,0
445,The Paris Wife: A Novel,-1.403881137826454,-0.699143213691416,0.26771535034940713,2011,1
446,"The Pioneer Woman Cooks: A Year of Holidays: 140 Step-by-Step Recipes for Simple, Scrumptious Celebrations",0.8009578850306219,-0.7926548818531797,0.36003098840092684,2013,0
447,"The Pioneer Woman Cooks: Dinnertime - Comfort Classics, Freezer Food, 16-minute Meals, and Other Delicious Ways to Solve…",0.8009578850306219,-0.7273844200431895,0.08308407424636775,2015,0
448,The Pioneer Woman Cooks: Food from My Frontier,0.8009578850306219,-0.7744815375845158,0.7292935406070057,2012,0
449,"The Plant Paradox Cookbook: 100 Delicious Recipes to Help You Lose Weight, Heal Your Gut, and Live Lectin-Free",-0.5219455286836229,-0.7126239103789694,0.45234662645244655,2018,0
450,"The Plant Paradox: The Hidden Dangers in ""Healthy"" Foods That Cause Disease and Weight Gain",-0.9629133332550365,-0.41766967968990276,0.36003098840092684,2018,0
451,The Pout-Pout Fish,0.8009578850306219,-0.18508500139704892,-0.7477566682173095,2017,1
452,The Pout-Pout Fish,0.8009578850306219,-0.18508500139704892,-0.7477566682173095,2018,1
453,The Power of Habit: Why We Do What We Do in Life and Business,-0.08097772411220924,-0.09882560676972857,0.7292935406070057,2012,0
454,The President Is Missing: A Novel,-1.403881137826454,-0.15035940929683192,0.45234662645244655,2018,1
455,The Racketeer,-1.403881137826454,0.2166909524111128,0.45234662645244655,2012,1
456,"The Red Pyramid (The Kane Chronicles, Book 1)",-0.08097772411220924,-0.8333529345111735,-0.10154720185667164,2010,1
457,"The Road to Serfdom: Text and Documents--The Definitive Edition (The Collected Works of F. A. Hayek, Volume 2)",-0.08097772411220924,-0.917138024050272,0.08308407424636775,2010,0
458,"The Serpent's Shadow (The Kane Chronicles, Book 3)",0.8009578850306219,-0.8414584166967278,-0.10154720185667164,2012,1
459,The Shack: Where Tragedy Confronts Eternity,-0.08097772411220924,0.6626631143468235,-0.47080975406275044,2009,1
460,The Shack: Where Tragedy Confronts Eternity,-0.08097772411220924,0.6626631143468235,-0.47080975406275044,2017,1
461,The Short Second Life of Bree Tanner: An Eclipse Novella (The Twilight Saga),-0.08097772411220924,-0.8388134698782838,-1.209334858474908,2010,1
462,The Silent Patient,-0.5219455286836229,1.3295309960551676,0.08308407424636775,2019,1
463,"The Son of Neptune (Heroes of Olympus, Book 2)",0.8009578850306219,-0.6538378343174228,-0.286178477959711,2011,1
464,The Subtle Art of Not Giving a F*ck: A Counterintuitive Approach to Living a Good Life,-0.08097772411220924,1.2402853711489588,0.17539971229788745,2017,0
465,The Subtle Art of Not Giving a F*ck: A Counterintuitive Approach to Living a Good Life,-0.08097772411220924,1.2402853711489588,0.17539971229788745,2018,0
466,The Subtle Art of Not Giving a F*ck: A Counterintuitive Approach to Living a Good Life,-0.08097772411220924,1.2402853711489588,0.17539971229788745,2019,0
467,The Sun and Her Flowers,0.35999008045920833,-0.5517087587794381,-0.37849411601123073,2017,0
468,"The Third Wheel (Diary of a Wimpy Kid, Book 7)",0.35999008045920833,-0.4757731888305607,-0.5631253921142702,2012,1
469,"The Throne of Fire (The Kane Chronicles, Book 2)",0.35999008045920833,-0.8950399199864976,-0.286178477959711,2011,1
470,The Time Traveler's Wife,-0.9629133332550365,-0.699143213691416,-0.6554410301657898,2009,1
471,The Tipping Point: How Little Things Can Make a Big Difference,-0.9629133332550365,-0.7209853551598571,-0.37849411601123073,2009,0
472,The Total Money Makeover: Classic Edition: A Proven Plan for Financial Fitness,0.35999008045920833,-0.03440835361084938,-0.286178477959711,2019,0
473,The Twilight Saga Collection,0.35999008045920833,-0.6955597373567498,6.360547461749707,2009,1
474,"The Ugly Truth (Diary of a Wimpy Kid, Book 5)",0.8009578850306219,-0.6959863416823053,-0.10154720185667164,2010,1
475,The Unofficial Harry Potter Cookbook: From Cauldron Cakes to Knickerbocker Glory--More Than 150 Magical Recipes for…,0.35999008045920833,-0.249416933690817,-0.286178477959711,2019,0
476,The Very Hungry Caterpillar,1.2419256896020394,0.6478172838174924,-0.7477566682173095,2013,1
477,The Very Hungry Caterpillar,1.2419256896020394,0.6478172838174924,-0.7477566682173095,2014,1
478,The Very Hungry Caterpillar,1.2419256896020394,0.6478172838174924,-0.7477566682173095,2015,1
479,The Very Hungry Caterpillar,1.2419256896020394,0.6478172838174924,-0.7477566682173095,2016,1
480,The Very Hungry Caterpillar,1.2419256896020394,0.6478172838174924,-0.7477566682173095,2017,1
481,The Very Hungry Caterpillar,1.2419256896020394,0.6478172838174924,-0.7477566682173095,2018,1
482,The Very Hungry Caterpillar,1.2419256896020394,0.6478172838174924,-0.7477566682173095,2019,1
483,The Whole30: The 30-Day Guide to Total Health and Food Freedom,-0.08097772411220924,-0.37927529038990854,0.26771535034940713,2015,0
484,The Whole30: The 30-Day Guide to Total Health and Food Freedom,-0.08097772411220924,-0.37927529038990854,0.26771535034940713,2016,0
485,The Whole30: The 30-Day Guide to Total Health and Food Freedom,-0.08097772411220924,-0.37927529038990854,0.26771535034940713,2017,0
486,The Wonderful Things You Will Be,1.2419256896020394,-0.2654572563317035,-0.286178477959711,2016,1
487,The Wonderful Things You Will Be,1.2419256896020394,-0.2654572563317035,-0.286178477959711,2017,1
488,The Wonderful Things You Will Be,1.2419256896020394,-0.2654572563317035,-0.286178477959711,2018,1
489,The Wonderful Things You Will Be,1.2419256896020394,-0.2654572563317035,-0.286178477959711,2019,1
490,The Wonky Donkey,0.8009578850306219,1.5553753260042447,-0.8400723062688292,2018,1
491,The Wonky Donkey,0.8009578850306219,1.5553753260042447,-0.8400723062688292,2019,1
492,The Wright Brothers,0.35999008045920833,-0.4935199287736691,0.26771535034940713,2015,0
493,"Things That Matter: Three Decades of Passions, Pastimes and Politics [Deckled Edge]",0.35999008045920833,-0.4197173804525691,0.17539971229788745,2013,0
494,"Thinking, Fast and Slow",-0.08097772411220924,-0.07843392000817609,0.5446622645039663,2011,0
495,"Thinking, Fast and Slow",-0.08097772411220924,-0.07843392000817609,0.5446622645039663,2012,0
496,Thirteen Reasons Why,-0.5219455286836229,-0.3430992435828029,-0.37849411601123073,2017,1
497,Thomas Jefferson: The Art of Power,-0.5219455286836229,-0.8574134184725032,0.913924816710045,2012,0
498,Three Cups of Tea: One Man's Mission to Promote Peace - One School at a Time,-1.403881137826454,-0.7366843943402992,-0.19386283990819134,2009,0
499,Three Cups of Tea: One Man's Mission to Promote Peace - One School at a Time,-1.403881137826454,-0.7366843943402992,-0.19386283990819134,2010,0
500,Thug Kitchen: The Official Cookbook: Eat Like You Give a F*ck (Thug Kitchen Cookbooks),-0.08097772411220924,-0.07041375868773285,0.913924816710045,2014,0
501,Thug Kitchen: The Official Cookbook: Eat Like You Give a F*ck (Thug Kitchen Cookbooks),-0.08097772411220924,-0.07041375868773285,0.913924816710045,2015,0
502,Thug Kitchen: The Official Cookbook: Eat Like You Give a F*ck (Thug Kitchen Cookbooks),-0.08097772411220924,-0.07041375868773285,0.913924816710045,2016,0
503,Thug Kitchen: The Official Cookbook: Eat Like You Give a F*ck (Thug Kitchen Cookbooks),-0.08097772411220924,-0.07041375868773285,0.913924816710045,2017,0
504,Tina Fey: Bossypants,-1.403881137826454,-0.509901534875,-0.10154720185667164,2011,0
505,To Kill a Mockingbird,0.8009578850306219,1.2184432296805174,-1.209334858474908,2013,1
506,To Kill a Mockingbird,0.8009578850306219,1.2184432296805174,-1.209334858474908,2014,1
507,To Kill a Mockingbird,0.8009578850306219,1.2184432296805174,-1.209334858474908,2015,1
508,To Kill a Mockingbird,0.8009578850306219,1.2184432296805174,-1.209334858474908,2016,1
509,To Kill a Mockingbird,0.8009578850306219,1.2184432296805174,-0.5631253921142702,2019,1
510,"Tools of Titans: The Tactics, Routines, and Habits of Billionaires, Icons, and World-Class Performers",-0.08097772411220924,-0.6478653737596459,0.7292935406070057,2017,0
511,"Towers of Midnight (Wheel of Time, Book Thirteen)",0.8009578850306219,-0.8251621314605081,0.7292935406070057,2010,1
512,True Compass: A Memoir,-0.5219455286836229,-0.9824938067253732,0.17539971229788745,2009,0
513,"Twilight (The Twilight Saga, Book 1)",0.35999008045920833,-0.023657924606851,-0.37849411601123073,2009,1
514,Ultimate Sticker Book: Frozen: More Than 60 Reusable Full-Color Stickers,-0.5219455286836229,-0.7992245884667342,-0.7477566682173095,2014,1
515,"Unbroken: A World War II Story of Survival, Resilience, and Redemption",0.8009578850306219,1.5118616847975845,0.26771535034940713,2010,0
516,"Unbroken: A World War II Story of Survival, Resilience, and Redemption",0.8009578850306219,1.5118616847975845,0.26771535034940713,2011,0
517,"Unbroken: A World War II Story of Survival, Resilience, and Redemption",0.8009578850306219,1.5118616847975845,0.26771535034940713,2012,0
518,"Unbroken: A World War II Story of Survival, Resilience, and Redemption",0.8009578850306219,1.5118616847975845,-0.009231563805151936,2014,0
519,"Unbroken: A World War II Story of Survival, Resilience, and Redemption",0.8009578850306219,1.5118616847975845,0.26771535034940713,2014,0
520,Under the Dome: A Novel,-1.403881137826454,-0.444801714795232,0.6369779025554859,2009,1
521,Unfreedom of the Press,1.2419256896020394,-0.511693273042333,-0.19386283990819134,2019,0
522,Unicorn Coloring Book: For Kids Ages 4-8 (US Edition) (Silly Bear Coloring Books),0.8009578850306219,-0.4987245015454461,-0.8400723062688292,2019,0
523,"Uninvited: Living Loved When You Feel Less Than, Left Out, and Lonely",0.35999008045920833,-0.6286681791096488,-0.37849411601123073,2016,0
524,Watchmen,0.8009578850306219,-0.6931707531336391,2.667921939688919,2009,1
525,Water for Elephants: A Novel,-0.5219455286836229,-0.2555600359788161,-0.10154720185667164,2011,1
526,What Happened,-0.08097772411220924,-0.5512821544538826,0.45234662645244655,2017,0
527,What If?: Serious Scientific Answers to Absurd Hypothetical Questions,0.35999008045920833,-0.22706286703170925,0.36003098840092684,2014,0
528,What Pet Should I Get? (Classic Seuss),0.35999008045920833,-0.8600583652909473,0.08308407424636775,2015,1
529,What Should Danny Do? (The Power to Choose Series),0.8009578850306219,-0.3227928776863615,-0.009231563805151936,2019,1
530,What to Expect When You're Expecting,-0.9629133332550365,-0.734807335307855,-0.37849411601123073,2011,0
531,"Wheat Belly: Lose the Wheat, Lose the Weight, and Find Your Path Back to Health",-0.9629133332550365,-0.3802138199061306,-0.6554410301657898,2012,0
532,"Wheat Belly: Lose the Wheat, Lose the Weight, and Find Your Path Back to Health",-0.9629133332550365,-0.3802138199061306,-0.6554410301657898,2013,0
533,When Breath Becomes Air,0.8009578850306219,0.15577185472178864,0.08308407424636775,2016,0
534,Where the Crawdads Sing,0.8009578850306219,6.474805766579949,0.17539971229788745,2019,1
535,Where the Wild Things Are,0.8009578850306219,-0.16947128308171794,-0.009231563805151936,2009,1
536,Whose Boat Is This Boat?: Comments That Don't Help in the Aftermath of a Hurricane,-0.08097772411220924,-0.45085949621812,-0.10154720185667164,2018,0
537,Wild: From Lost to Found on the Pacific Crest Trail,-0.9629133332550365,0.43434447930952447,0.45234662645244655,2012,0
538,Winter of the World: Book Two of the Century Trilogy,-0.5219455286836229,-0.10181183704861702,0.17539971229788745,2012,1
539,Women Food and God: An Unexpected Path to Almost Everything,-1.8448489423978678,-0.9087765792693844,-0.19386283990819134,2010,0
540,Wonder,0.8009578850306219,0.8251993623834656,-0.37849411601123073,2013,1
541,Wonder,0.8009578850306219,0.8251993623834656,-0.37849411601123073,2014,1
542,Wonder,0.8009578850306219,0.8251993623834656,-0.37849411601123073,2015,1
543,Wonder,0.8009578850306219,0.8251993623834656,-0.37849411601123073,2016,1
544,Wonder,0.8009578850306219,0.8251993623834656,-0.37849411601123073,2017,1
545,Wrecking Ball (Diary of a Wimpy Kid Book 14),1.2419256896020394,-0.21673904235326638,-0.47080975406275044,2019,1
546,You Are a Badass: How to Stop Doubting Your Greatness and Start Living an Awesome Life,0.35999008045920833,0.2028689722631149,-0.47080975406275044,2016,0
547,You Are a Badass: How to Stop Doubting Your Greatness and Start Living an Awesome Life,0.35999008045920833,0.2028689722631149,-0.47080975406275044,2017,0
548,You Are a Badass: How to Stop Doubting Your Greatness and Start Living an Awesome Life,0.35999008045920833,0.2028689722631149,-0.47080975406275044,2018,0
549,You Are a Badass: How to Stop Doubting Your Greatness and Start Living an Awesome Life,0.35999008045920833,0.2028689722631149,-0.47080975406275044,2019,0
